,account,login_name,type_API,account_url
2,renovate[bot],renovate[bot],Bot,https://github.com/apps/renovate
5,codecov[bot],codecov[bot],Bot,https://github.com/apps/codecov
6,codecov-io[bot],codecov-io[bot],Bot,https://github.com/apps/codecov-io
12,dependabot-preview[bot],dependabot-preview[bot],Bot,https://github.com/apps/dependabot-preview
17,stale[bot],stale[bot],Bot,https://github.com/apps/stale
20,bors[bot],bors[bot],Bot,https://github.com/apps/bors
23,resin-io-modules-versionbot[bot],resin-io-modules-versionbot[bot],Bot,https://github.com/apps/resin-io-modules-versionbot
25,greenkeeper[bot],greenkeeper[bot],Bot,https://github.com/apps/greenkeeper
31,old-fusion-bot[bot],old-fusion-bot[bot],Bot,https://github.com/apps/old-fusion-bot
44,lock[bot],lock[bot],Bot,https://github.com/apps/lock
46,gatsbot[bot],gatsbot[bot],Bot,https://github.com/apps/gatsbot
51,dependencies[bot],dependencies[bot],Bot,https://github.com/apps/dependencies
53,theopenlab-ci[bot],theopenlab-ci[bot],Bot,https://github.com/apps/theopenlab-ci
66,depfu[bot],depfu[bot],Bot,https://github.com/apps/depfu
76,astropy-bot[bot],astropy-bot[bot],Bot,https://github.com/apps/astropy-bot
88,gaugebot[bot],gaugebot[bot],Bot,https://github.com/apps/gaugebot
93,resin-io-versionbot[bot],resin-io-versionbot[bot],Bot,https://github.com/apps/resin-io-versionbot
109,sourcelevel-bot[bot],sourcelevel-bot[bot],Bot,https://github.com/apps/sourcelevel-bot
140,angular-automatic-lock-bot[bot],angular-automatic-lock-bot[bot],Bot,https://github.com/apps/angular-automatic-lock-bot
153,go-cloud-bot[bot],go-cloud-bot[bot],Bot,https://github.com/apps/go-cloud-bot
156,msftbot[bot],msftbot[bot],Bot,https://github.com/apps/msftbot
170,changeset-bot[bot],changeset-bot[bot],Bot,https://github.com/apps/changeset-bot
180,conventional-release-bot[bot],conventional-release-bot[bot],Bot,https://github.com/apps/conventional-release-bot
192,realm-probot[bot],realm-probot[bot],Bot,https://github.com/apps/realm-probot
194,generic-probot-app-workflow[bot],generic-probot-app-workflow[bot],Bot,https://github.com/apps/generic-probot-app-workflow
198,symfony-bot[bot],symfony-bot[bot],Bot,https://github.com/apps/symfony-bot
201,cla-bot[bot],cla-bot[bot],Bot,https://github.com/apps/cla-bot
209,dependabot[bot],dependabot[bot],Bot,https://github.com/apps/dependabot
215,solo-git-bot[bot],solo-git-bot[bot],Bot,https://github.com/apps/solo-git-bot
226,rails-bot[bot],rails-bot[bot],Bot,https://github.com/apps/rails-bot
233,sofastack-bot[bot],sofastack-bot[bot],Bot,https://github.com/apps/sofastack-bot
247,concourse-bot[bot],concourse-bot[bot],Bot,https://github.com/apps/concourse-bot
249,mention-bot[bot],mention-bot[bot],Bot,https://github.com/apps/mention-bot
257,issue-bot[bot],issue-bot[bot],Bot,https://github.com/apps/issue-bot
278,amp-owners-bot[bot],amp-owners-bot[bot],Bot,https://github.com/apps/amp-owners-bot
289,zorro-bot[bot],zorro-bot[bot],Bot,https://github.com/apps/zorro-bot
297,cargo-dep-bot[bot],cargo-dep-bot[bot],Bot,https://github.com/apps/cargo-dep-bot
299,cypress-bot[bot],cypress-bot[bot],Bot,https://github.com/apps/cypress-bot
311,echarts-bot[bot],echarts-bot[bot],Bot,https://github.com/apps/echarts-bot
324,vtex-io-docs-bot[bot],vtex-io-docs-bot[bot],Bot,https://github.com/apps/vtex-io-docs-bot
330,solo-changelog-bot[bot],solo-changelog-bot[bot],Bot,https://github.com/apps/solo-changelog-bot
333,dhis2-bot[bot],dhis2-bot[bot],Bot,https://github.com/apps/dhis2-bot
339,nusmods-deploy-bot[bot],nusmods-deploy-bot[bot],Bot,https://github.com/apps/nusmods-deploy-bot
342,tykbot[bot],tykbot[bot],Bot,https://github.com/apps/tykbot
345,status-github-bot[bot],status-github-bot[bot],Bot,https://github.com/apps/status-github-bot
366,fusionjs-sync-bot[bot],fusionjs-sync-bot[bot],Bot,https://github.com/apps/fusionjs-sync-bot
379,hacs-bot[bot],hacs-bot[bot],Bot,https://github.com/apps/hacs-bot
386,docker-compose-qa-bot[bot],docker-compose-qa-bot[bot],Bot,https://github.com/apps/docker-compose-qa-bot
391,gitcoinbot[bot],gitcoinbot[bot],Bot,https://github.com/apps/gitcoinbot
394,oni-bot[bot],oni-bot[bot],Bot,https://github.com/apps/oni-bot
396,open-collective-bot[bot],open-collective-bot[bot],Bot,https://github.com/apps/open-collective-bot
399,ionitron-bot[bot],ionitron-bot[bot],Bot,https://github.com/apps/ionitron-bot
400,vscodebot[bot],vscodebot[bot],Bot,https://github.com/apps/vscodebot
403,issue-label-bot[bot],issue-label-bot[bot],Bot,https://github.com/apps/issue-label-bot
404,appsflyerbot[bot],appsflyerbot[bot],Bot,https://github.com/apps/appsflyerbot
405,change-bot[bot],change-bot[bot],Bot,https://github.com/apps/change-bot
410,matts-bot[bot],matts-bot[bot],Bot,https://github.com/apps/matts-bot
413,taro-ui-bot[bot],taro-ui-bot[bot],Bot,https://github.com/apps/taro-ui-bot
421,devtools-bot[bot],devtools-bot[bot],Bot,https://github.com/apps/devtools-bot
422,kf-label-bot-dev[bot],kf-label-bot-dev[bot],Bot,https://github.com/apps/kf-label-bot-dev
423,athenabot[bot],athenabot[bot],Bot,https://github.com/apps/athenabot
424,taro-bot[bot],taro-bot[bot],Bot,https://github.com/apps/taro-bot
425,swaglyricsbot[bot],swaglyricsbot[bot],Bot,https://github.com/apps/swaglyricsbot
435,pull-assistant[bot],pull-assistant[bot],Bot,https://github.com/apps/pull-assistant
436,selenium-assistant[bot],selenium-assistant[bot],Bot,https://github.com/apps/selenium-assistant
437,restyled-io[bot],restyled-io[bot],Bot,https://github.com/apps/restyled-io
438,gitpod-io-legacy-app[bot],gitpod-io-legacy-app[bot],Bot,https://github.com/apps/gitpod-io-legacy-app
439,vtex-io-ci-cd[bot],vtex-io-ci-cd[bot],Bot,https://github.com/apps/vtex-io-ci-cd
440,gitpod-io[bot],gitpod-io[bot],Bot,https://github.com/apps/gitpod-io
442,sentry-io[bot],sentry-io[bot],Bot,https://github.com/apps/sentry-io
444,codeclimate[bot],codeclimate[bot],Bot,https://github.com/apps/codeclimate
445,similar-code-searcher[bot],similar-code-searcher[bot],Bot,https://github.com/apps/similar-code-searcher
446,codelingo[bot],codelingo[bot],Bot,https://github.com/apps/codelingo
447,codesandbox[bot],codesandbox[bot],Bot,https://github.com/apps/codesandbox
450,salesforce-cla[bot],salesforce-cla[bot],Bot,https://github.com/apps/salesforce-cla
455,stickler-ci[bot],stickler-ci[bot],Bot,https://github.com/apps/stickler-ci
479,pika-ci[bot],pika-ci[bot],Bot,https://github.com/apps/pika-ci
498,openapi-sdkautomation[bot],openapi-sdkautomation[bot],Bot,https://github.com/apps/openapi-sdkautomation
500,auto-comment[bot],auto-comment[bot],Bot,https://github.com/apps/auto-comment
508,zeebe-bors[bot],zeebe-bors[bot],Bot,https://github.com/apps/zeebe-bors
516,request-info[bot],request-info[bot],Bot,https://github.com/apps/request-info
517,welcome[bot],welcome[bot],Bot,https://github.com/apps/welcome
520,peril-staging[bot],peril-staging[bot],Bot,https://github.com/apps/peril-staging
525,github-actions[bot],github-actions[bot],Bot,https://github.com/apps/github-actions
529,allcontributors[bot],allcontributors[bot],Bot,https://github.com/apps/allcontributors
537,azure-pipelines[bot],azure-pipelines[bot],Bot,https://github.com/apps/azure-pipelines
581,dotnet-maestro[bot],dotnet-maestro[bot],Bot,https://github.com/apps/dotnet-maestro
591,femtocleaner[bot],femtocleaner[bot],Bot,https://github.com/apps/femtocleaner
598,github-learning-lab[bot],github-learning-lab[bot],Bot,https://github.com/apps/github-learning-lab
603,guardrails[bot],guardrails[bot],Bot,https://github.com/apps/guardrails
608,imgbot[bot],imgbot[bot],Bot,https://github.com/apps/imgbot
636,local2-rollout-io[bot],local2-rollout-io[bot],Bot,https://github.com/apps/local2-rollout-io
637,local-rollout-io[bot],local-rollout-io[bot],Bot,https://github.com/apps/local-rollout-io
641,mergify[bot],mergify[bot],Bot,https://github.com/apps/mergify
681,pull[bot],pull[bot],Bot,https://github.com/apps/pull
682,pure-bot[bot],pure-bot[bot],Bot,https://github.com/apps/pure-bot
698,scala-steward[bot],scala-steward[bot],Bot,https://github.com/apps/scala-steward
702,shrink-sh[bot],shrink-sh[bot],Bot,https://github.com/apps/shrink-sh
707,softwarefactory-project-zuul[bot],softwarefactory-project-zuul[bot],Bot,https://github.com/apps/softwarefactory-project-zuul
711,staticman-net[bot],staticman-net[bot],Bot,https://github.com/apps/staticman-net
714,texify[bot],texify[bot],Bot,https://github.com/apps/texify
740,zeit-github-tester[bot],zeit-github-tester[bot],Bot,https://github.com/apps/zeit-github-tester
742,cla-bot-2020[bot],cla-bot-2020[bot],Bot,https://github.com/apps/cla-bot-2020
743,cla-bot-2021[bot],cla-bot-2021[bot],Bot,https://github.com/apps/cla-bot-2021
745,google-cla[bot],google-cla[bot],Bot,https://github.com/apps/google-cla
746,kodiakhq[bot],kodiakhq[bot],Bot,https://github.com/apps/kodiakhq
749,netlify[bot],netlify[bot],Bot,https://github.com/apps/netlify
750,no-response[bot],no-response[bot],Bot,https://github.com/apps/no-response
753,substrate-tip-bot[bot],substrate-tip-bot[bot],Bot,https://github.com/apps/substrate-tip-bot
754,todo[bot],todo[bot],Bot,https://github.com/apps/todo
756,atlassian-cla-bot[bot],atlassian-cla-bot[bot],Bot,https://github.com/apps/atlassian-cla-bot
757,Boring-Cyborg[bot],Boring-Cyborg[bot],Bot,https://github.com/apps/boring-cyborg
759,buildbot[bot],buildbot[bot],Bot,https://github.com/apps/buildbot
761,cla-checker-service[bot],cla-checker-service[bot],Bot,https://github.com/apps/cla-checker-service
762,close-issue-app[bot],close-issue-app[bot],Bot,https://github.com/apps/close-issue-app
765,delete-merged-branch[bot],delete-merged-branch[bot],Bot,https://github.com/apps/delete-merged-branch
767,diem-cla-bot[bot],diem-cla-bot[bot],Bot,https://github.com/apps/diem-cla-bot
768,dpulls[bot],dpulls[bot],Bot,https://github.com/apps/dpulls
770,faily-bot[bot],faily-bot[bot],Bot,https://github.com/apps/faily-bot
771,forking-renovate[bot],forking-renovate[bot],Bot,https://github.com/apps/forking-renovate
772,renovate-approve[bot],renovate-approve[bot],Bot,https://github.com/apps/renovate-approve
773,renovate-approve-2[bot],renovate-approve-2[bot],Bot,https://github.com/apps/renovate-approve-2
774,gcf-merge-on-green[bot],gcf-merge-on-green[bot],Bot,https://github.com/apps/gcf-merge-on-green
775,gitguardian[bot],gitguardian[bot],Bot,https://github.com/apps/gitguardian
778,label-actions[bot],label-actions[bot],Bot,https://github.com/apps/label-actions
779,lgtm-com[bot],lgtm-com[bot],Bot,https://github.com/apps/lgtm-com
780,linux-foundation-easycla[bot],linux-foundation-easycla[bot],Bot,https://github.com/apps/linux-foundation-easycla
782,meeseeksdev[bot],meeseeksdev[bot],Bot,https://github.com/apps/meeseeksdev
785,nextcloud-stale[bot],nextcloud-stale[bot],Bot,https://github.com/apps/nextcloud-stale
786,paddle-bot[bot],paddle-bot[bot],Bot,https://github.com/apps/paddle-bot
787,probot-autolabeler[bot],probot-autolabeler[bot],Bot,https://github.com/apps/probot-autolabeler
788,project-bot[bot],project-bot[bot],Bot,https://github.com/apps/project-bot
789,pull-dog[bot],pull-dog[bot],Bot,https://github.com/apps/pull-dog
790,pull-request-size[bot],pull-request-size[bot],Bot,https://github.com/apps/pull-request-size
791,release-drafter[bot],release-drafter[bot],Bot,https://github.com/apps/release-drafter
792,repo-ranger[bot],repo-ranger[bot],Bot,https://github.com/apps/repo-ranger
793,sourcery-ai[bot],sourcery-ai[bot],Bot,https://github.com/apps/sourcery-ai
794,squash-labs[bot],squash-labs[bot],Bot,https://github.com/apps/squash-labs
795,Stale[bot],Stale[bot],Bot,https://github.com/apps/stale
796,support[bot],support[bot],Bot,https://github.com/apps/support
797,sync-by-unito[bot],sync-by-unito[bot],Bot,https://github.com/apps/sync-by-unito
798,TravisBuddy[bot],TravisBuddy[bot],Bot,https://github.com/apps/travisbuddy
799,weekly-digest[bot],weekly-digest[bot],Bot,https://github.com/apps/weekly-digest
800,zulipbot[bot],zulipbot[bot],Bot,https://github.com/apps/zulipbot
801,AppVeyor[bot],AppVeyor[bot],Bot,https://github.com/apps/appveyor
802,Azure-pipelines[bot],Azure-pipelines[bot],Bot,https://github.com/apps/azure-pipelines
803,cloudflare-pages[bot],cloudflare-pages[bot],Bot,https://github.com/apps/cloudflare-pages
805,deepsource-autofix[bot],deepsource-autofix[bot],Bot,https://github.com/apps/deepsource-autofix
806,LingoHub[bot],LingoHub[bot],Bot,https://github.com/apps/lingohub
807,pullapprove[bot],pullapprove[bot],Bot,https://github.com/apps/pullapprove
808,review-notebook-app[bot],review-notebook-app[bot],Bot,https://github.com/apps/review-notebook-app
809,SonarCloud[bot],SonarCloud[bot],Bot,https://github.com/apps/sonarcloud
810,sonatype-lift[bot],sonatype-lift[bot],Bot,https://github.com/apps/sonatype-lift
811,Travis-ci[bot],Travis-ci[bot],Bot,https://github.com/apps/travis-ci
812,vercel[bot],vercel[bot],Bot,https://github.com/apps/vercel
813,viezly[bot],viezly[bot],Bot,https://github.com/apps/viezly
818,backportbot-nextcloud[bot],backportbot-nextcloud[bot],Bot,https://github.com/apps/backportbot-nextcloud
819,blathers-crl[bot],blathers-crl[bot],Bot,https://github.com/apps/blathers-crl
828,dotnet-issue-labeler[bot],dotnet-issue-labeler[bot],Bot,https://github.com/apps/dotnet-issue-labeler
833,gatsby-cloud[bot],gatsby-cloud[bot],Bot,https://github.com/apps/gatsby-cloud
834,gatsby-cloud-staging[bot],gatsby-cloud-staging[bot],Bot,https://github.com/apps/gatsby-cloud-staging
839,google-ml-butler[bot],google-ml-butler[bot],Bot,https://github.com/apps/google-ml-butler
858,pr-benchmarks[bot],pr-benchmarks[bot],Bot,https://github.com/apps/pr-benchmarks
863,runfoapp[bot],runfoapp[bot],Bot,https://github.com/apps/runfoapp
866,shields-deployment[bot],shields-deployment[bot],Bot,https://github.com/apps/shields-deployment
880,ti-chi-bot[bot],ti-chi-bot[bot],Bot,https://github.com/apps/ti-chi-bot
887,weblate[bot],weblate[bot],Bot,https://github.com/apps/weblate
0,brotherlogic,brotherlogic,User,https://github.com/brotherlogic
1,coveralls,coveralls,User,https://github.com/coveralls
3,leocwlam,leocwlam,User,https://github.com/leocwlam
4,fabric8cd,fabric8cd,User,https://github.com/fabric8cd
7,ant-design-bot,ant-design-bot,User,https://github.com/ant-design-bot
8,facebook-github-bot,facebook-github-bot,User,https://github.com/facebook-github-bot
9,snyk-bot,snyk-bot,User,https://github.com/snyk-bot
10,jnpr-community-netdev,jnpr-community-netdev,User,https://github.com/jnpr-community-netdev
13,ezrobot,ezrobot,User,https://github.com/ezrobot
14,thelinuxfoundation,thelinuxfoundation,User,https://github.com/thelinuxfoundation
15,Hibernate-CI,Hibernate-CI,User,https://github.com/Hibernate-CI
16,cf-gitbot,cf-gitbot,User,https://github.com/cf-gitbot
18,scrutinizer-notifier,scrutinizer-notifier,User,https://github.com/scrutinizer-notifier
19,googlebot,googlebot,User,https://github.com/googlebot
21,k8s-ci-robot,k8s-ci-robot,User,https://github.com/k8s-ci-robot
22,tessel-bot,tessel-bot,User,https://github.com/tessel-bot
24,cfdreddbot,cfdreddbot,User,https://github.com/cfdreddbot
26,manifold-listbot,manifold-listbot,User,https://github.com/manifold-listbot
27,CLAassistant,CLAassistant,User,https://github.com/CLAassistant
28,gopherbot,gopherbot,User,https://github.com/gopherbot
29,sous-machine-account,sous-machine-account,User,https://github.com/sous-machine-account
30,matzkoh,matzkoh,User,https://github.com/matzkoh
32,aviary2-wf,aviary2-wf,User,https://github.com/aviary2-wf
33,CFPBot,CFPBot,User,https://github.com/CFPBot
34,ININ-TransifexAutomation,ININ-TransifexAutomation,User,https://github.com/ININ-TransifexAutomation
35,stakater-user,stakater-user,User,https://github.com/stakater-user
36,pivotal-issuemaster,pivotal-issuemaster,User,https://github.com/pivotal-issuemaster
37,timsuchanek,timsuchanek,User,https://github.com/timsuchanek
38,ScreensBot,ScreensBot,User,https://github.com/ScreensBot
39,pyup-bot,pyup-bot,User,https://github.com/pyup-bot
40,oca-clabot,oca-clabot,User,https://github.com/oca-clabot
41,kiereleaseuser,kiereleaseuser,User,https://github.com/kiereleaseuser
42,fejta-bot,fejta-bot,User,https://github.com/fejta-bot
43,GordonTheTurtle,GordonTheTurtle,User,https://github.com/GordonTheTurtle
45,palashmon,palashmon,User,https://github.com/palashmon
48,0crat,0crat,User,https://github.com/0crat
49,rultor,rultor,User,https://github.com/rultor
50,jsf-clabot,jsf-clabot,User,https://github.com/jsf-clabot
52,devOpsHazelcast,devOpsHazelcast,User,https://github.com/devOpsHazelcast
54,genie-jnosql,genie-jnosql,User,https://github.com/genie-jnosql
55,ukp-svc-jenkins,ukp-svc-jenkins,User,https://github.com/ukp-svc-jenkins
56,miq-bot,miq-bot,User,https://github.com/miq-bot
57,travix-frontend-services,travix-frontend-services,User,https://github.com/travix-frontend-services
58,ef-carbon-bot,ef-carbon-bot,User,https://github.com/ef-carbon-bot
59,slnode,slnode,User,https://github.com/slnode
60,coreosbot,coreosbot,User,https://github.com/coreosbot
61,dsmjs-bot,dsmjs-bot,User,https://github.com/dsmjs-bot
62,svc-excavator-bot,svc-excavator-bot,User,https://github.com/svc-excavator-bot
63,hn-bot,hn-bot,User,https://github.com/hn-bot
64,Johns-CI-Bot,Johns-CI-Bot,User,https://github.com/Johns-CI-Bot
65,bors-servo,bors-servo,User,https://github.com/bors-servo
67,watson-github-bot,watson-github-bot,User,https://github.com/watson-github-bot
68,openshift-ci-robot,openshift-ci-robot,User,https://github.com/openshift-ci-robot
69,datastax-bot,datastax-bot,User,https://github.com/datastax-bot
70,istio-testing,istio-testing,User,https://github.com/istio-testing
72,openshift-bot,openshift-bot,User,https://github.com/openshift-bot
74,hashibot,hashibot,User,https://github.com/hashibot
75,kubevirt-bot,kubevirt-bot,User,https://github.com/kubevirt-bot
77,HT2Bot,HT2Bot,User,https://github.com/HT2Bot
78,cmsdmwmbot,cmsdmwmbot,User,https://github.com/cmsdmwmbot
79,hubotbot,hubotbot,User,https://github.com/hubotbot
80,caicloud-bot,caicloud-bot,User,https://github.com/caicloud-bot
81,react-tether-bot,react-tether-bot,User,https://github.com/react-tether-bot
82,vmwclabot,vmwclabot,User,https://github.com/vmwclabot
83,grape-bot,grape-bot,User,https://github.com/grape-bot
84,ForbesLindesay-Bot,ForbesLindesay-Bot,User,https://github.com/ForbesLindesay-Bot
85,AppVeyorBot,AppVeyorBot,User,https://github.com/AppVeyorBot
86,nfbot,nfbot,User,https://github.com/nfbot
87,octokitbot,octokitbot,User,https://github.com/octokitbot
89,semantic-release-bot,semantic-release-bot,User,https://github.com/semantic-release-bot
90,atomist-bot,atomist-bot,User,https://github.com/atomist-bot
91,moltinbot,moltinbot,User,https://github.com/moltinbot
92,mysql-oca-bot,mysql-oca-bot,User,https://github.com/mysql-oca-bot
94,netty-bot,netty-bot,User,https://github.com/netty-bot
95,etcd-bot,etcd-bot,User,https://github.com/etcd-bot
96,jetstack-bot,jetstack-bot,User,https://github.com/jetstack-bot
97,sailsbot,sailsbot,User,https://github.com/sailsbot
98,omnisharp-bot,omnisharp-bot,User,https://github.com/omnisharp-bot
99,ConfluentCLABot,ConfluentCLABot,User,https://github.com/ConfluentCLABot
100,lucas-bot,lucas-bot,User,https://github.com/lucas-bot
101,zcabot,zcabot,User,https://github.com/zcabot
102,yii-bot,yii-bot,User,https://github.com/yii-bot
103,doppins-bot,doppins-bot,User,https://github.com/doppins-bot
104,dep-bot,dep-bot,User,https://github.com/dep-bot
105,salte-bot,salte-bot,User,https://github.com/salte-bot
106,avaGitHubBot,avaGitHubBot,User,https://github.com/avaGitHubBot
107,mongoid-bot,mongoid-bot,User,https://github.com/mongoid-bot
108,greenkeeperio-bot,greenkeeperio-bot,User,https://github.com/greenkeeperio-bot
110,gocardless-robot-restricted,gocardless-robot-restricted,User,https://github.com/gocardless-robot-restricted
111,oclif-bot,oclif-bot,User,https://github.com/oclif-bot
112,ualbertalib-bot,ualbertalib-bot,User,https://github.com/ualbertalib-bot
113,kissaten-bot,kissaten-bot,User,https://github.com/kissaten-bot
114,windupgithubbot1,windupgithubbot1,User,https://github.com/windupgithubbot1
115,cb-sdk-robot,cb-sdk-robot,User,https://github.com/cb-sdk-robot
116,p1bot,p1bot,User,https://github.com/p1bot
117,jekyllbot,jekyllbot,User,https://github.com/jekyllbot
118,testcafe-build-bot,testcafe-build-bot,User,https://github.com/testcafe-build-bot
119,lintr-bot,lintr-bot,User,https://github.com/lintr-bot
120,renovate-bot,renovate-bot,User,https://github.com/renovate-bot
121,sgopsbot,sgopsbot,User,https://github.com/sgopsbot
122,forge-bot,forge-bot,User,https://github.com/forge-bot
123,eclipse-lsp4j-bot,eclipse-lsp4j-bot,User,https://github.com/eclipse-lsp4j-bot
124,soloio-bot,soloio-bot,User,https://github.com/soloio-bot
125,doorkeeper-bot,doorkeeper-bot,User,https://github.com/doorkeeper-bot
126,stoplight-bot,stoplight-bot,User,https://github.com/stoplight-bot
127,styleguidist-bot,styleguidist-bot,User,https://github.com/styleguidist-bot
128,omnius-bot,omnius-bot,User,https://github.com/omnius-bot
129,mike-north-bot,mike-north-bot,User,https://github.com/mike-north-bot
130,TDSBot,TDSBot,User,https://github.com/TDSBot
131,shaka-bot,shaka-bot,User,https://github.com/shaka-bot
132,qiwibot,qiwibot,User,https://github.com/qiwibot
134,OCA-git-bot,OCA-git-bot,User,https://github.com/OCA-git-bot
135,hawkbit-bot,hawkbit-bot,User,https://github.com/hawkbit-bot
136,monty-bot,monty-bot,User,https://github.com/monty-bot
138,electron-bot,electron-bot,User,https://github.com/electron-bot
139,parity-cla-bot,parity-cla-bot,User,https://github.com/parity-cla-bot
141,devicekit-danger-bot,devicekit-danger-bot,User,https://github.com/devicekit-danger-bot
142,OdysseusBot,OdysseusBot,User,https://github.com/OdysseusBot
143,mister-roboto,mister-roboto,User,https://github.com/mister-roboto
144,ursabot,ursabot,User,https://github.com/ursabot
145,travi-bot,travi-bot,User,https://github.com/travi-bot
146,violinist-bot,violinist-bot,User,https://github.com/violinist-bot
147,TPRobots,TPRobots,User,https://github.com/TPRobots
148,SupportClass-bot,SupportClass-bot,User,https://github.com/SupportClass-bot
150,knative-metrics-robot,knative-metrics-robot,User,https://github.com/knative-metrics-robot
151,knative-prow-robot,knative-prow-robot,User,https://github.com/knative-prow-robot
152,ApiaryBot,ApiaryBot,User,https://github.com/ApiaryBot
154,vue-bot,vue-bot,User,https://github.com/vue-bot
155,react-native-community-bot,react-native-community-bot,User,https://github.com/react-native-community-bot
157,adobe-bot,adobe-bot,User,https://github.com/adobe-bot
158,edx-requirements-bot,edx-requirements-bot,User,https://github.com/edx-requirements-bot
159,owo-bot,owo-bot,User,https://github.com/owo-bot
160,prombot,prombot,User,https://github.com/prombot
161,5iMON-bot,5iMON-bot,User,https://github.com/5iMON-bot
162,uias-bot,uias-bot,User,https://github.com/uias-bot
163,form8ion-bot,form8ion-bot,User,https://github.com/form8ion-bot
164,Rozebot,Rozebot,User,https://github.com/Rozebot
165,spinnakerbot,spinnakerbot,User,https://github.com/spinnakerbot
166,fn-bot,fn-bot,User,https://github.com/fn-bot
167,kyma-bot,kyma-bot,User,https://github.com/kyma-bot
168,wmfs-bot,wmfs-bot,User,https://github.com/wmfs-bot
169,macaca-bot,macaca-bot,User,https://github.com/macaca-bot
172,gpii-bot,gpii-bot,User,https://github.com/gpii-bot
173,upbound-bot,upbound-bot,User,https://github.com/upbound-bot
174,landscape-bot,landscape-bot,User,https://github.com/landscape-bot
175,voidraybot,voidraybot,User,https://github.com/voidraybot
176,watermarkchurch-bot,watermarkchurch-bot,User,https://github.com/watermarkchurch-bot
177,openshift-cherrypick-robot,openshift-cherrypick-robot,User,https://github.com/openshift-cherrypick-robot
178,lonabot,lonabot,User,https://github.com/lonabot
179,pluscodebot,pluscodebot,User,https://github.com/pluscodebot
181,lighthousebot,lighthousebot,User,https://github.com/lighthousebot
182,vaadin-bot,vaadin-bot,User,https://github.com/vaadin-bot
183,pouchrobot,pouchrobot,User,https://github.com/pouchrobot
184,raizlabs-oss-bot,raizlabs-oss-bot,User,https://github.com/raizlabs-oss-bot
185,jujubot,jujubot,User,https://github.com/jujubot
186,dxrobot,dxrobot,User,https://github.com/dxrobot
187,RiotTranslateBot,RiotTranslateBot,User,https://github.com/RiotTranslateBot
188,khanbot,khanbot,User,https://github.com/khanbot
189,brototyp-bot,brototyp-bot,User,https://github.com/brototyp-bot
191,ArduinoBot,ArduinoBot,User,https://github.com/ArduinoBot
193,AgoricBot,AgoricBot,User,https://github.com/AgoricBot
195,NuKeeperBot,NuKeeperBot,User,https://github.com/NuKeeperBot
196,commitizen-bot,commitizen-bot,User,https://github.com/commitizen-bot
197,coorpacademybot,coorpacademybot,User,https://github.com/coorpacademybot
199,blueprint-bot,blueprint-bot,User,https://github.com/blueprint-bot
200,gain-bot,gain-bot,User,https://github.com/gain-bot
202,Staffbot,Staffbot,User,https://github.com/Staffbot
203,theforeman-bot,theforeman-bot,User,https://github.com/theforeman-bot
204,sisu-bot,sisu-bot,User,https://github.com/sisu-bot
205,FeedjiraBot,FeedjiraBot,User,https://github.com/FeedjiraBot
206,michaelhsu-bot,michaelhsu-bot,User,https://github.com/michaelhsu-bot
207,GK-keeper-bot,GK-keeper-bot,User,https://github.com/GK-keeper-bot
208,fozzie-bot,fozzie-bot,User,https://github.com/fozzie-bot
210,eclipse-jaxb-impl-bot,eclipse-jaxb-impl-bot,User,https://github.com/eclipse-jaxb-impl-bot
211,kubermatic-bot,kubermatic-bot,User,https://github.com/kubermatic-bot
212,ladybugbot,ladybugbot,User,https://github.com/ladybugbot
213,mainio-integration-bot,mainio-integration-bot,User,https://github.com/mainio-integration-bot
214,toptal-bot,toptal-bot,User,https://github.com/toptal-bot
216,tld-update-bot,tld-update-bot,User,https://github.com/tld-update-bot
217,sourcegraph-bot,sourcegraph-bot,User,https://github.com/sourcegraph-bot
218,jbosstm-bot,jbosstm-bot,User,https://github.com/jbosstm-bot
219,zaripych-bot,zaripych-bot,User,https://github.com/zaripych-bot
220,whateverbot,whateverbot,User,https://github.com/whateverbot
221,azuresdkciprbot,azuresdkciprbot,User,https://github.com/azuresdkciprbot
222,tm-github-bot,tm-github-bot,User,https://github.com/tm-github-bot
223,eclipse-milo-bot,eclipse-milo-bot,User,https://github.com/eclipse-milo-bot
224,ks-ci-bot,ks-ci-bot,User,https://github.com/ks-ci-bot
225,capistrano-bot,capistrano-bot,User,https://github.com/capistrano-bot
227,acs-bot,acs-bot,User,https://github.com/acs-bot
228,gitmate-bot,gitmate-bot,User,https://github.com/gitmate-bot
229,getsentry-bot,getsentry-bot,User,https://github.com/getsentry-bot
230,dangerpr-bot,dangerpr-bot,User,https://github.com/dangerpr-bot
231,OpenCombineBot,OpenCombineBot,User,https://github.com/OpenCombineBot
232,traverson-bot,traverson-bot,User,https://github.com/traverson-bot
234,workbox-pr-bot,workbox-pr-bot,User,https://github.com/workbox-pr-bot
235,tensorflow-graphics-github-robot,tensorflow-graphics-github-robot,User,https://github.com/tensorflow-graphics-github-robot
236,allthings-bot,allthings-bot,User,https://github.com/allthings-bot
237,MagicMirrorBot,MagicMirrorBot,User,https://github.com/MagicMirrorBot
238,vis-bot,vis-bot,User,https://github.com/vis-bot
239,dingwilsonbot,dingwilsonbot,User,https://github.com/dingwilsonbot
241,ticobotbot,ticobotbot,User,https://github.com/ticobotbot
242,optibot,optibot,User,https://github.com/optibot
243,nemobot,nemobot,User,https://github.com/nemobot
244,bens-danger-bot,bens-danger-bot,User,https://github.com/bens-danger-bot
245,webhookbotuser,webhookbotuser,User,https://github.com/webhookbotuser
246,runnabot,runnabot,User,https://github.com/runnabot
248,thumbot,thumbot,User,https://github.com/thumbot
250,algoliareadmebot,algoliareadmebot,User,https://github.com/algoliareadmebot
251,rktbot,rktbot,User,https://github.com/rktbot
252,hpcugentbot,hpcugentbot,User,https://github.com/hpcugentbot
253,salesforce-ux-bot,salesforce-ux-bot,User,https://github.com/salesforce-ux-bot
254,helpfulrobot,helpfulrobot,User,https://github.com/helpfulrobot
255,xamarin-cla-bot,xamarin-cla-bot,User,https://github.com/xamarin-cla-bot
256,bsn-bot3,bsn-bot3,User,https://github.com/bsn-bot3
258,dpebot,dpebot,User,https://github.com/dpebot
259,IssueHuntBot,IssueHuntBot,User,https://github.com/IssueHuntBot
260,eslintbot,eslintbot,User,https://github.com/eslintbot
261,nativescript-vue-bot,nativescript-vue-bot,User,https://github.com/nativescript-vue-bot
262,pantheon-ci-bot,pantheon-ci-bot,User,https://github.com/pantheon-ci-bot
263,glide-copybara-robot,glide-copybara-robot,User,https://github.com/glide-copybara-robot
264,UberOpenSourceBot,UberOpenSourceBot,User,https://github.com/UberOpenSourceBot
265,metal3-io-bot,metal3-io-bot,User,https://github.com/metal3-io-bot
266,reactorbot,reactorbot,User,https://github.com/reactorbot
267,omex-github-bot-internal,omex-github-bot-internal,User,https://github.com/omex-github-bot-internal
268,dialog-bot,dialog-bot,User,https://github.com/dialog-bot
270,google-oss-robot,google-oss-robot,User,https://github.com/google-oss-robot
272,LottieSnapshotBot,LottieSnapshotBot,User,https://github.com/LottieSnapshotBot
273,truecar-cla-bot,truecar-cla-bot,User,https://github.com/truecar-cla-bot
274,kubermatic-triage-bot,kubermatic-triage-bot,User,https://github.com/kubermatic-triage-bot
275,cloudwanbot,cloudwanbot,User,https://github.com/cloudwanbot
276,karmarunnerbot,karmarunnerbot,User,https://github.com/karmarunnerbot
277,sizebot,sizebot,User,https://github.com/sizebot
279,sre-bot,sre-bot,User,https://github.com/sre-bot
280,typescript-bot,typescript-bot,User,https://github.com/typescript-bot
281,bedevere-bot,bedevere-bot,User,https://github.com/bedevere-bot
282,42bot,42bot,User,https://github.com/42bot
283,knative-test-reporter-robot,knative-test-reporter-robot,User,https://github.com/knative-test-reporter-robot
284,nodejs-github-bot,nodejs-github-bot,User,https://github.com/nodejs-github-bot
285,flinkbot,flinkbot,User,https://github.com/flinkbot
286,matticbot,matticbot,User,https://github.com/matticbot
287,elasticsearch-bot,elasticsearch-bot,User,https://github.com/elasticsearch-bot
290,msft-github-bot,msft-github-bot,User,https://github.com/msft-github-bot
291,theguild-bot,theguild-bot,User,https://github.com/theguild-bot
292,dlang-bot,dlang-bot,User,https://github.com/dlang-bot
293,jwplayer-robot,jwplayer-robot,User,https://github.com/jwplayer-robot
294,mui-pr-bot,mui-pr-bot,User,https://github.com/mui-pr-bot
295,alluxio-bot,alluxio-bot,User,https://github.com/alluxio-bot
296,agones-bot,agones-bot,User,https://github.com/agones-bot
298,bugsnagbot,bugsnagbot,User,https://github.com/bugsnagbot
300,hasura-bot,hasura-bot,User,https://github.com/hasura-bot
301,che-bot,che-bot,User,https://github.com/che-bot
302,trax-robot,trax-robot,User,https://github.com/trax-robot
303,submariner-bot,submariner-bot,User,https://github.com/submariner-bot
304,DustyTheBot,DustyTheBot,User,https://github.com/DustyTheBot
305,istio-policy-bot,istio-policy-bot,User,https://github.com/istio-policy-bot
306,tekton-robot,tekton-robot,User,https://github.com/tekton-robot
307,openshift-azure-robot,openshift-azure-robot,User,https://github.com/openshift-azure-robot
308,pfn-ci-bot,pfn-ci-bot,User,https://github.com/pfn-ci-bot
309,pull-bot,pull-bot,User,https://github.com/pull-bot
310,webpack-bot,webpack-bot,User,https://github.com/webpack-bot
312,tedium-bot,tedium-bot,User,https://github.com/tedium-bot
313,dotnet-bot,dotnet-bot,User,https://github.com/dotnet-bot
314,minikube-pr-bot,minikube-pr-bot,User,https://github.com/minikube-pr-bot
315,nacho-bot,nacho-bot,User,https://github.com/nacho-bot
316,jenkins-x-bot,jenkins-x-bot,User,https://github.com/jenkins-x-bot
317,bits-bot,bits-bot,User,https://github.com/bits-bot
318,metamaskbot,metamaskbot,User,https://github.com/metamaskbot
319,syndesisio-bot,syndesisio-bot,User,https://github.com/syndesisio-bot
320,element-bot,element-bot,User,https://github.com/element-bot
321,fluttergithubbot,fluttergithubbot,User,https://github.com/fluttergithubbot
322,ibmdotcom-bot,ibmdotcom-bot,User,https://github.com/ibmdotcom-bot
323,PWAStudioBot,PWAStudioBot,User,https://github.com/PWAStudioBot
325,react-native-bot,react-native-bot,User,https://github.com/react-native-bot
326,Favware-bot,Favware-bot,User,https://github.com/Favware-bot
327,ngrxbot,ngrxbot,User,https://github.com/ngrxbot
328,airbnb-bot,airbnb-bot,User,https://github.com/airbnb-bot
329,dotnet-maestro-bot,dotnet-maestro-bot,User,https://github.com/dotnet-maestro-bot
331,pdfjsbot,pdfjsbot,User,https://github.com/pdfjsbot
332,swift-server-bot,swift-server-bot,User,https://github.com/swift-server-bot
334,glotbot,glotbot,User,https://github.com/glotbot
335,ompiteam-bot,ompiteam-bot,User,https://github.com/ompiteam-bot
336,explosion-bot,explosion-bot,User,https://github.com/explosion-bot
337,callstack-bot,callstack-bot,User,https://github.com/callstack-bot
338,bundlerbot,bundlerbot,User,https://github.com/bundlerbot
340,pirate-bot,pirate-bot,User,https://github.com/pirate-bot
341,docusaurus-bot,docusaurus-bot,User,https://github.com/docusaurus-bot
343,edx-transifex-bot,edx-transifex-bot,User,https://github.com/edx-transifex-bot
344,rh-atomic-bot,rh-atomic-bot,User,https://github.com/rh-atomic-bot
346,ng-zorro-bot,ng-zorro-bot,User,https://github.com/ng-zorro-bot
347,idealbot,idealbot,User,https://github.com/idealbot
348,mender-test-bot,mender-test-bot,User,https://github.com/mender-test-bot
349,weex-bot,weex-bot,User,https://github.com/weex-bot
350,minikube-bot,minikube-bot,User,https://github.com/minikube-bot
351,mdc-web-bot,mdc-web-bot,User,https://github.com/mdc-web-bot
352,daisy-bot,daisy-bot,User,https://github.com/daisy-bot
353,aws-afr-bot,aws-afr-bot,User,https://github.com/aws-afr-bot
354,kubevirt-commenter-bot,kubevirt-commenter-bot,User,https://github.com/kubevirt-commenter-bot
355,cozy-bot,cozy-bot,User,https://github.com/cozy-bot
356,backpackbot,backpackbot,User,https://github.com/backpackbot
357,google-oss-bot,google-oss-bot,User,https://github.com/google-oss-bot
358,sagemaker-bot,sagemaker-bot,User,https://github.com/sagemaker-bot
360,StepFunctions-Bot,StepFunctions-Bot,User,https://github.com/StepFunctions-Bot
361,botcerts,botcerts,User,https://github.com/botcerts
362,nockbot,nockbot,User,https://github.com/nockbot
363,retest-bot,retest-bot,User,https://github.com/retest-bot
365,graalvmbot,graalvmbot,User,https://github.com/graalvmbot
367,janusgraph-bot,janusgraph-bot,User,https://github.com/janusgraph-bot
368,moonwalker-bot,moonwalker-bot,User,https://github.com/moonwalker-bot
369,yarpcbot,yarpcbot,User,https://github.com/yarpcbot
370,ross-bott,ross-bott,User,https://github.com/ross-bott
371,ucloud-bot,ucloud-bot,User,https://github.com/ucloud-bot
373,aporeto-bot,aporeto-bot,User,https://github.com/aporeto-bot
374,MidLevel-Bot,MidLevel-Bot,User,https://github.com/MidLevel-Bot
375,usercont-release-bot,usercont-release-bot,User,https://github.com/usercont-release-bot
376,INGIbot,INGIbot,User,https://github.com/INGIbot
377,skydive-bot,skydive-bot,User,https://github.com/skydive-bot
378,hoppipolla-critic-bot,hoppipolla-critic-bot,User,https://github.com/hoppipolla-critic-bot
381,mattsb42-bot,mattsb42-bot,User,https://github.com/mattsb42-bot
382,ExtendReality-Bot,ExtendReality-Bot,User,https://github.com/ExtendReality-Bot
383,dictybasebot,dictybasebot,User,https://github.com/dictybasebot
384,mixmax-bot,mixmax-bot,User,https://github.com/mixmax-bot
385,miroculusbot,miroculusbot,User,https://github.com/miroculusbot
387,asanabot,asanabot,User,https://github.com/asanabot
388,matrixbot,matrixbot,User,https://github.com/matrixbot
389,jquerybot,jquerybot,User,https://github.com/jquerybot
390,suchabot,suchabot,User,https://github.com/suchabot
392,z-docker-bot,z-docker-bot,User,https://github.com/z-docker-bot
395,seabird-bot,seabird-bot,User,https://github.com/seabird-bot
397,jw-issue-bot,jw-issue-bot,User,https://github.com/jw-issue-bot
398,tessel-crashbot,tessel-crashbot,User,https://github.com/tessel-crashbot
401,aio-libs-bot,aio-libs-bot,User,https://github.com/aio-libs-bot
402,pydio-bot,pydio-bot,User,https://github.com/pydio-bot
406,wallabag-bot,wallabag-bot,User,https://github.com/wallabag-bot
407,knative-housekeeping-robot,knative-housekeeping-robot,User,https://github.com/knative-housekeeping-robot
408,mods-bot,mods-bot,User,https://github.com/mods-bot
409,SegmentDestinationsBot,SegmentDestinationsBot,User,https://github.com/SegmentDestinationsBot
411,antv-bot,antv-bot,User,https://github.com/antv-bot
412,RealmBot,RealmBot,User,https://github.com/RealmBot
414,assemblebot,assemblebot,User,https://github.com/assemblebot
415,robotccm,robotccm,User,https://github.com/robotccm
416,egg-bot,egg-bot,User,https://github.com/egg-bot
417,babel-bot,babel-bot,User,https://github.com/babel-bot
418,QacoBot,QacoBot,User,https://github.com/QacoBot
419,bazel-flag-bot,bazel-flag-bot,User,https://github.com/bazel-flag-bot
426,yarnbot,yarnbot,User,https://github.com/yarnbot
427,DartBot,DartBot,User,https://github.com/DartBot
428,neos-bot,neos-bot,User,https://github.com/neos-bot
429,fire-bot,fire-bot,User,https://github.com/fire-bot
430,netoffice-bot,netoffice-bot,User,https://github.com/netoffice-bot
431,glassfishrobot,glassfishrobot,User,https://github.com/glassfishrobot
432,mybit-bot,mybit-bot,User,https://github.com/mybit-bot
433,homeassistant,homeassistant,User,https://github.com/homeassistant
434,claassistantio,claassistantio,User,https://github.com/claassistantio
441,az-iot-builder-01,az-iot-builder-01,User,https://github.com/az-iot-builder-01
443,logic-building,logic-building,User,https://github.com/logic-building
448,nCodefresh,nCodefresh,User,https://github.com/nCodefresh
449,apollo-cla,apollo-cla,User,https://github.com/apollo-cla
451,hashicorp-cla,hashicorp-cla,User,https://github.com/hashicorp-cla
452,lightbend-cla-validator,lightbend-cla-validator,User,https://github.com/lightbend-cla-validator
453,ddes-ci,ddes-ci,User,https://github.com/ddes-ci
454,kogmbh-ci,kogmbh-ci,User,https://github.com/kogmbh-ci
456,mailgun-ci,mailgun-ci,User,https://github.com/mailgun-ci
457,sprucelabs-ci,sprucelabs-ci,User,https://github.com/sprucelabs-ci
458,nexus-ci,nexus-ci,User,https://github.com/nexus-ci
459,centos-ci,centos-ci,User,https://github.com/centos-ci
460,mesosphere-ci,mesosphere-ci,User,https://github.com/mesosphere-ci
461,stencila-ci,stencila-ci,User,https://github.com/stencila-ci
462,immowelt-ci,immowelt-ci,User,https://github.com/immowelt-ci
463,thorntail-ci,thorntail-ci,User,https://github.com/thorntail-ci
464,stripe-ci,stripe-ci,User,https://github.com/stripe-ci
465,wildfly-ci,wildfly-ci,User,https://github.com/wildfly-ci
466,infinitered-circleci,infinitered-circleci,User,https://github.com/infinitered-circleci
467,mesosphere-frontend-ci,mesosphere-frontend-ci,User,https://github.com/mesosphere-frontend-ci
468,contiamo-ci,contiamo-ci,User,https://github.com/contiamo-ci
469,io-scalecube-ci,io-scalecube-ci,User,https://github.com/io-scalecube-ci
470,smartcar-ci,smartcar-ci,User,https://github.com/smartcar-ci
471,appserver-ci,appserver-ci,User,https://github.com/appserver-ci
472,react-navigation-ci,react-navigation-ci,User,https://github.com/react-navigation-ci
473,hft-team-city,hft-team-city,User,https://github.com/hft-team-city
474,flexera-ci,flexera-ci,User,https://github.com/flexera-ci
475,calabash-ci,calabash-ci,User,https://github.com/calabash-ci
476,smartive-ci,smartive-ci,User,https://github.com/smartive-ci
477,kie-ci,kie-ci,User,https://github.com/kie-ci
478,atticlabs-ci,atticlabs-ci,User,https://github.com/atticlabs-ci
480,akka-ci,akka-ci,User,https://github.com/akka-ci
481,swift-ci,swift-ci,User,https://github.com/swift-ci
482,chainer-ci,chainer-ci,User,https://github.com/chainer-ci
483,build-travis-ci,build-travis-ci,User,https://github.com/build-travis-ci
484,vc-ci,vc-ci,User,https://github.com/vc-ci
486,shiftjs-circleci,shiftjs-circleci,User,https://github.com/shiftjs-circleci
487,jdroid-ci,jdroid-ci,User,https://github.com/jdroid-ci
488,asf-ci,asf-ci,User,https://github.com/asf-ci
489,balena-ci,balena-ci,User,https://github.com/balena-ci
490,livingdocs-automation,livingdocs-automation,User,https://github.com/livingdocs-automation
491,nmattia-autoupdate,nmattia-autoupdate,User,https://github.com/nmattia-autoupdate
492,yoshi-automation,yoshi-automation,User,https://github.com/yoshi-automation
493,arcus-automation,arcus-automation,User,https://github.com/arcus-automation
494,opa-updater-automation,opa-updater-automation,User,https://github.com/opa-updater-automation
495,ibm-devx-automation,ibm-devx-automation,User,https://github.com/ibm-devx-automation
496,AutorestCI,AutorestCI,User,https://github.com/AutorestCI
497,scrutinizer-auto-fixer,scrutinizer-auto-fixer,User,https://github.com/scrutinizer-auto-fixer
499,skia-flutter-autoroll,skia-flutter-autoroll,User,https://github.com/skia-flutter-autoroll
501,aws-sdk-go-automation,aws-sdk-go-automation,User,https://github.com/aws-sdk-go-automation
502,engine-flutter-autoroll,engine-flutter-autoroll,User,https://github.com/engine-flutter-autoroll
503,aws-cdk-automation,aws-cdk-automation,User,https://github.com/aws-cdk-automation
504,status-im-auto,status-im-auto,User,https://github.com/status-im-auto
505,Google-Autofuzz,Google-Autofuzz,User,https://github.com/Google-Autofuzz
506,bors-homu,bors-homu,User,https://github.com/bors-homu
507,bors-libra,bors-libra,User,https://github.com/bors-libra
509,the-knights-who-say-ni,the-knights-who-say-ni,User,https://github.com/the-knights-who-say-ni
510,jujugui,jujugui,User,https://github.com/jujugui
511,yahoocla,yahoocla,User,https://github.com/yahoocla
512,buildhive,buildhive,User,https://github.com/buildhive
513,SendGridDX,SendGridDX,User,https://github.com/SendGridDX
514,octokit-fixture-user-a,octokit-fixture-user-a,User,https://github.com/octokit-fixture-user-a
515,dnfclas,dnfclas,User,https://github.com/dnfclas
518,PRB0t,PRB0t,User,https://github.com/PRB0t
519,openstack-gerrit,openstack-gerrit,User,https://github.com/openstack-gerrit
521,CocoaPodsBarista,CocoaPodsBarista,User,https://github.com/CocoaPodsBarista
522,ovh-cds,ovh-cds,User,https://github.com/ovh-cds
523,GitCop,GitCop,User,https://github.com/GitCop
524,boxcla,boxcla,User,https://github.com/boxcla
526,msftclas,msftclas,User,https://github.com/msftclas
527,abf-repo-bot,abf-repo-bot,User,https://github.com/abf-repo-bot
528,adoptopenjdk-github-bot,adoptopenjdk-github-bot,User,https://github.com/adoptopenjdk-github-bot
530,HitkoDev,HitkoDev,User,https://github.com/HitkoDev
531,ampproject-artifacts-bot,ampproject-artifacts-bot,User,https://github.com/ampproject-artifacts-bot
532,antag99bot,antag99bot,User,https://github.com/antag99bot
533,ApertiumBot,ApertiumBot,User,https://github.com/ApertiumBot
534,archzfs-bot,archzfs-bot,User,https://github.com/archzfs-bot
535,aur-archive-bot,aur-archive-bot,User,https://github.com/aur-archive-bot
536,authenticator-bot,authenticator-bot,User,https://github.com/authenticator-bot
538,acomsmpbot,acomsmpbot,User,https://github.com/acomsmpbot
539,bactrian,bactrian,User,https://github.com/bactrian
540,ballerina-bot,ballerina-bot,User,https://github.com/ballerina-bot
541,llvm-beanz,llvm-beanz,User,https://github.com/llvm-beanz
542,fs-lms-test-bot,fs-lms-test-bot,User,https://github.com/fs-lms-test-bot
543,babot,babot,User,https://github.com/babot
544,fabric8-analytics-cve-bot,fabric8-analytics-cve-bot,User,https://github.com/fabric8-analytics-cve-bot
545,bitnami-bot,bitnami-bot,User,https://github.com/bitnami-bot
546,bluespice-github-bot,bluespice-github-bot,User,https://github.com/bluespice-github-bot
547,Nolanus,Nolanus,User,https://github.com/Nolanus
548,bot50,bot50,User,https://github.com/bot50
549,grass-svn2git,grass-svn2git,User,https://github.com/grass-svn2git
550,bot-monkey-1,bot-monkey-1,User,https://github.com/bot-monkey-1
551,BrewTestBot,BrewTestBot,User,https://github.com/BrewTestBot
552,bsf-doc-bot,bsf-doc-bot,User,https://github.com/bsf-doc-bot
553,chaiscript-buildbot,chaiscript-buildbot,User,https://github.com/chaiscript-buildbot
554,c9bot,c9bot,User,https://github.com/c9bot
555,austenmc,austenmc,User,https://github.com/austenmc
556,cheminfo-bot,cheminfo-bot,User,https://github.com/cheminfo-bot
558,bikesharebot,bikesharebot,User,https://github.com/bikesharebot
559,CNCF-Bot,CNCF-Bot,User,https://github.com/CNCF-Bot
560,codecov-test,codecov-test,User,https://github.com/codecov-test
561,Code-Inside-Bot,Code-Inside-Bot,User,https://github.com/Code-Inside-Bot
562,cstbuilds,cstbuilds,User,https://github.com/cstbuilds
563,collab-ui-bot,collab-ui-bot,User,https://github.com/collab-ui-bot
564,cwl-bot,cwl-bot,User,https://github.com/cwl-bot
565,addonsbot,addonsbot,User,https://github.com/addonsbot
566,ConfluentJenkins,ConfluentJenkins,User,https://github.com/ConfluentJenkins
567,confs-tech-bot,confs-tech-bot,User,https://github.com/confs-tech-bot
568,CrowdinBot,CrowdinBot,User,https://github.com/CrowdinBot
569,csl-bot,csl-bot,User,https://github.com/csl-bot
570,CssBuildBot,CssBuildBot,User,https://github.com/CssBuildBot
571,currencybot,currencybot,User,https://github.com/currencybot
572,dpb587-ci,dpb587-ci,User,https://github.com/dpb587-ci
573,decidim-bot,decidim-bot,User,https://github.com/decidim-bot
574,dependencies-bot,dependencies-bot,User,https://github.com/dependencies-bot
575,traviscibot,traviscibot,User,https://github.com/traviscibot
576,devtube-bot,devtube-bot,User,https://github.com/devtube-bot
577,svip,svip,User,https://github.com/svip
578,docker-library-bot,docker-library-bot,User,https://github.com/docker-library-bot
579,dontcallmedom-bot,dontcallmedom-bot,User,https://github.com/dontcallmedom-bot
580,dotnet-build-bot,dotnet-build-bot,User,https://github.com/dotnet-build-bot
582,felixmulder,felixmulder,User,https://github.com/felixmulder
583,dpfrakes-bot,dpfrakes-bot,User,https://github.com/dpfrakes-bot
584,dragon-bot,dragon-bot,User,https://github.com/dragon-bot
585,dune-community-bot,dune-community-bot,User,https://github.com/dune-community-bot
586,egov-commit-bot,egov-commit-bot,User,https://github.com/egov-commit-bot
587,ejdquotes-bot,ejdquotes-bot,User,https://github.com/ejdquotes-bot
588,elife-bot,elife-bot,User,https://github.com/elife-bot
589,enginered-bot,enginered-bot,User,https://github.com/enginered-bot
590,f1jobs-bot,f1jobs-bot,User,https://github.com/f1jobs-bot
592,FlexGet-Bot,FlexGet-Bot,User,https://github.com/FlexGet-Bot
593,fossabot,fossabot,User,https://github.com/fossabot
594,FTL13-Bot,FTL13-Bot,User,https://github.com/FTL13-Bot
595,Lunokhod-Bot,Lunokhod-Bot,User,https://github.com/Lunokhod-Bot
596,garybot2,garybot2,User,https://github.com/garybot2
597,gitbook-bot,gitbook-bot,User,https://github.com/gitbook-bot
599,jacogr,jacogr,User,https://github.com/jacogr
600,graviteeio,graviteeio,User,https://github.com/graviteeio
601,grommet-github-bot,grommet-github-bot,User,https://github.com/grommet-github-bot
602,grommetux,grommetux,User,https://github.com/grommetux
604,haxe-ci,haxe-ci,User,https://github.com/haxe-ci
605,hsimbot,hsimbot,User,https://github.com/hsimbot
606,homebrew-version-migration-bot,homebrew-version-migration-bot,User,https://github.com/homebrew-version-migration-bot
607,hunter-cache-bot,hunter-cache-bot,User,https://github.com/hunter-cache-bot
609,hubbed,hubbed,User,https://github.com/hubbed
610,InwitofitkaBot,InwitofitkaBot,User,https://github.com/InwitofitkaBot
611,javafxports-github-bot,javafxports-github-bot,User,https://github.com/javafxports-github-bot
612,smunilla,smunilla,User,https://github.com/smunilla
613,NgDashboard,NgDashboard,User,https://github.com/NgDashboard
614,pow-devops2020,pow-devops2020,User,https://github.com/pow-devops2020
616,jenkins-x-bot-test,jenkins-x-bot-test,User,https://github.com/jenkins-x-bot-test
617,jhipster-bot,jhipster-bot,User,https://github.com/jhipster-bot
618,joe-bot,joe-bot,User,https://github.com/joe-bot
619,johnpbloch-bot,johnpbloch-bot,User,https://github.com/johnpbloch-bot
620,jollygoodbot,jollygoodbot,User,https://github.com/jollygoodbot
621,jonasabreu,jonasabreu,User,https://github.com/jonasabreu
622,jsdelivrbot,jsdelivrbot,User,https://github.com/jsdelivrbot
623,js-org-bot,js-org-bot,User,https://github.com/js-org-bot
624,jufab,jufab,User,https://github.com/jufab
625,kaitai-bot,kaitai-bot,User,https://github.com/kaitai-bot
626,koding-bot,koding-bot,User,https://github.com/koding-bot
627,eagletmt-bot,eagletmt-bot,User,https://github.com/eagletmt-bot
628,koideploy-commit-bot,koideploy-commit-bot,User,https://github.com/koideploy-commit-bot
629,kspckan-crawler,kspckan-crawler,User,https://github.com/kspckan-crawler
630,lasp-lang-evaluator,lasp-lang-evaluator,User,https://github.com/lasp-lang-evaluator
631,24emebot,24emebot,User,https://github.com/24emebot
632,ledger-bot,ledger-bot,User,https://github.com/ledger-bot
633,lektor-bot,lektor-bot,User,https://github.com/lektor-bot
634,limesurvey-translations,limesurvey-translations,User,https://github.com/limesurvey-translations
635,lj-team,lj-team,User,https://github.com/lj-team
638,lokalise-bot,lokalise-bot,User,https://github.com/lokalise-bot
639,daim2k5,daim2k5,User,https://github.com/daim2k5
640,MakeSchoolBot,MakeSchoolBot,User,https://github.com/MakeSchoolBot
642,miss-islington,miss-islington,User,https://github.com/miss-islington
643,nodebb-misty,nodebb-misty,User,https://github.com/nodebb-misty
644,mixpanel-bot,mixpanel-bot,User,https://github.com/mixpanel-bot
645,moz-wptsync-bot,moz-wptsync-bot,User,https://github.com/moz-wptsync-bot
646,davetaz,davetaz,User,https://github.com/davetaz
647,muibot,muibot,User,https://github.com/muibot
648,devkitdoc,devkitdoc,User,https://github.com/devkitdoc
649,mumukibot,mumukibot,User,https://github.com/mumukibot
650,nabijaczleweli,nabijaczleweli,User,https://github.com/nabijaczleweli
651,nba-espn-stats-and-info-bot,nba-espn-stats-and-info-bot,User,https://github.com/nba-espn-stats-and-info-bot
652,jenkins-nedprod,jenkins-nedprod,User,https://github.com/jenkins-nedprod
653,netkan-bot,netkan-bot,User,https://github.com/netkan-bot
654,nextcloud-bot,nextcloud-bot,User,https://github.com/nextcloud-bot
655,ninjadotorg-bot,ninjadotorg-bot,User,https://github.com/ninjadotorg-bot
656,niveristand-diff-bot,niveristand-diff-bot,User,https://github.com/niveristand-diff-bot
657,njgingrich-bot,njgingrich-bot,User,https://github.com/njgingrich-bot
658,nodejs-crowdin,nodejs-crowdin,User,https://github.com/nodejs-crowdin
659,npmcdn-to-unpkg-bot,npmcdn-to-unpkg-bot,User,https://github.com/npmcdn-to-unpkg-bot
660,nur-bot,nur-bot,User,https://github.com/nur-bot
661,C3POdoo,C3POdoo,User,https://github.com/C3POdoo
662,okkez-bot,okkez-bot,User,https://github.com/okkez-bot
663,oll-bot,oll-bot,User,https://github.com/oll-bot
664,sauron-gamma-bot,sauron-gamma-bot,User,https://github.com/sauron-gamma-bot
665,openhab-bot,openhab-bot,User,https://github.com/openhab-bot
666,openmrs-bot,openmrs-bot,User,https://github.com/openmrs-bot
667,openstax-bot,openstax-bot,User,https://github.com/openstax-bot
668,opentraveldata-bot,opentraveldata-bot,User,https://github.com/opentraveldata-bot
669,ophobe-bot,ophobe-bot,User,https://github.com/ophobe-bot
670,osrfbuild,osrfbuild,User,https://github.com/osrfbuild
671,owlbot,owlbot,User,https://github.com/owlbot
672,paperjs-bot,paperjs-bot,User,https://github.com/paperjs-bot
673,ParadiseSS13-Bot,ParadiseSS13-Bot,User,https://github.com/ParadiseSS13-Bot
674,phpmyadmin-bot,phpmyadmin-bot,User,https://github.com/phpmyadmin-bot
676,PJBot,PJBot,User,https://github.com/PJBot
677,poetroid-bot,poetroid-bot,User,https://github.com/poetroid-bot
678,poggit-bot,poggit-bot,User,https://github.com/poggit-bot
679,poppy-bot,poppy-bot,User,https://github.com/poppy-bot
680,predix-adoption-bot,predix-adoption-bot,User,https://github.com/predix-adoption-bot
683,PX4BuildBot,PX4BuildBot,User,https://github.com/PX4BuildBot
684,pxw-bot,pxw-bot,User,https://github.com/pxw-bot
685,pytorchbot,pytorchbot,User,https://github.com/pytorchbot
686,pyup-vuln-bot,pyup-vuln-bot,User,https://github.com/pyup-vuln-bot
687,qb01-bot,qb01-bot,User,https://github.com/qb01-bot
688,qmk-bot,qmk-bot,User,https://github.com/qmk-bot
689,qubesos-bot,qubesos-bot,User,https://github.com/qubesos-bot
690,radadata-bot,radadata-bot,User,https://github.com/radadata-bot
691,raspberrypilearningbot,raspberrypilearningbot,User,https://github.com/raspberrypilearningbot
692,raspberrypitranslationsbot,raspberrypitranslationsbot,User,https://github.com/raspberrypitranslationsbot
693,reactjs-translation-bot,reactjs-translation-bot,User,https://github.com/reactjs-translation-bot
694,regro-cf-autotick-bot,regro-cf-autotick-bot,User,https://github.com/regro-cf-autotick-bot
695,Richienb,Richienb,User,https://github.com/Richienb
696,r-ryantm,r-ryantm,User,https://github.com/r-ryantm
697,rte-bot,rte-bot,User,https://github.com/rte-bot
699,scrutinizer-test-bot,scrutinizer-test-bot,User,https://github.com/scrutinizer-test-bot
700,sel-bot,sel-bot,User,https://github.com/sel-bot
701,serra-bot,serra-bot,User,https://github.com/serra-bot
703,SiliconChip,SiliconChip,User,https://github.com/SiliconChip
704,sisyphus-bot,sisyphus-bot,User,https://github.com/sisyphus-bot
705,slamdata-bot,slamdata-bot,User,https://github.com/slamdata-bot
706,slicerbot,slicerbot,User,https://github.com/slicerbot
709,spoon-bot,spoon-bot,User,https://github.com/spoon-bot
710,spryker-release-bot,spryker-release-bot,User,https://github.com/spryker-release-bot
712,st-l10n-bot,st-l10n-bot,User,https://github.com/st-l10n-bot
713,suse-cf-ci-bot,suse-cf-ci-bot,User,https://github.com/suse-cf-ci-bot
715,tgs-bot-ghost,tgs-bot-ghost,User,https://github.com/tgs-bot-ghost
716,grid-bot,grid-bot,User,https://github.com/grid-bot
717,thewca-bot,thewca-bot,User,https://github.com/thewca-bot
718,thundernest-bot,thundernest-bot,User,https://github.com/thundernest-bot
719,tigoctm-usr,tigoctm-usr,User,https://github.com/tigoctm-usr
720,translatewiki,translatewiki,User,https://github.com/translatewiki
721,balloobbot,balloobbot,User,https://github.com/balloobbot
722,tweakCompatible-bot,tweakCompatible-bot,User,https://github.com/tweakCompatible-bot
723,typo3ter-bot,typo3ter-bot,User,https://github.com/typo3ter-bot
724,ubo-bot,ubo-bot,User,https://github.com/ubo-bot
725,upload-bot-5n7aq,upload-bot-5n7aq,User,https://github.com/upload-bot-5n7aq
726,va-bot,va-bot,User,https://github.com/va-bot
727,lostanlen-bot,lostanlen-bot,User,https://github.com/lostanlen-bot
728,vscode-issue-tracker-bot,vscode-issue-tracker-bot,User,https://github.com/vscode-issue-tracker-bot
729,vvv-school-bot,vvv-school-bot,User,https://github.com/vvv-school-bot
730,wet-boew-bot,wet-boew-bot,User,https://github.com/wet-boew-bot
731,facebook-circleci-bot,facebook-circleci-bot,User,https://github.com/facebook-circleci-bot
732,reactjs-bot,reactjs-bot,User,https://github.com/reactjs-bot
733,webuildsg-bot,webuildsg-bot,User,https://github.com/webuildsg-bot
735,dn-wp-bot,dn-wp-bot,User,https://github.com/dn-wp-bot
736,wppluginsbot,wppluginsbot,User,https://github.com/wppluginsbot
737,wso2-jenkins-bot,wso2-jenkins-bot,User,https://github.com/wso2-jenkins-bot
738,yahoo-bot,yahoo-bot,User,https://github.com/yahoo-bot
739,yogstation13-bot,yogstation13-bot,User,https://github.com/yogstation13-bot
741,zenossbot,zenossbot,User,https://github.com/zenossbot
744,codecov-commenter,codecov-commenter,User,https://github.com/codecov-commenter
747,maidsafe-highfive,maidsafe-highfive,User,https://github.com/maidsafe-highfive
751,rfcbot,rfcbot,User,https://github.com/rfcbot
752,rustbot,rustbot,User,https://github.com/rustbot
755,ansibot,ansibot,User,https://github.com/ansibot
758,SeekerTestBot,SeekerTestBot,User,https://github.com/SeekerTestBot
760,carsonbot,carsonbot,User,https://github.com/carsonbot
763,codetriage-readme-bot,codetriage-readme-bot,User,https://github.com/codetriage-readme-bot
766,devdocs-bot,devdocs-bot,User,https://github.com/devdocs-bot
769,ecma262-compare-bot,ecma262-compare-bot,User,https://github.com/ecma262-compare-bot
776,hashicorp-ci,hashicorp-ci,User,https://github.com/hashicorp-ci
781,mary-poppins,mary-poppins,User,https://github.com/mary-poppins
783,MIRAI-bot,MIRAI-bot,User,https://github.com/MIRAI-bot
804,codelingobot,codelingobot,User,https://github.com/CodeLingoBot
815,AmplabJenkins,AmplabJenkins,User,https://github.com/AmplabJenkins
816,analysis-bot,analysis-bot,User,https://github.com/analysis-bot
817,apmmachine,apmmachine,User,https://github.com/apmmachine
820,cockroach-teamcity,cockroach-teamcity,User,https://github.com/cockroach-teamcity
821,bot-gradle,bot-gradle,User,https://github.com/bot-gradle
822,cdr-oss,cdr-oss,User,https://github.com/cdr-oss
823,coffeescriptbot,coffeescriptbot,User,https://github.com/coffeescriptbot
824,container-tools-bot,container-tools-bot,User,https://github.com/container-tools-bot
825,craterbot,craterbot,User,https://github.com/craterbot
826,dnfadmin,dnfadmin,User,https://github.com/dnfadmin
829,DrahtBot,DrahtBot,User,https://github.com/DrahtBot
830,fastlane-bot,fastlane-bot,User,https://github.com/fastlane-bot
831,fw-bot,fw-bot,User,https://github.com/fw-bot
832,gatsbybot,gatsbybot,User,https://github.com/gatsbybot
835,gitter-badger,gitter-badger,User,https://github.com/gitter-badger
836,golangcibot,golangcibot,User,https://github.com/golangcibot
837,golint-fixer,golint-fixer,User,https://github.com/golint-fixer
838,gollum-bot,gollum-bot,User,https://github.com/gollum-bot
840,h5bp-bot,h5bp-bot,User,https://github.com/h5bp-bot
841,highfive,highfive,User,https://github.com/highfive
842,jade-bot,jade-bot,User,https://github.com/jade-bot
843,jellyfish-bot,jellyfish-bot,User,https://github.com/jellyfish-bot
844,jitsi-jenkins,jitsi-jenkins,User,https://github.com/jitsi-jenkins
845,kibanamachine,kibanamachine,User,https://github.com/kibanamachine
846,libra-action,libra-action,User,https://github.com/libra-action
848,MicrosoftIssueBot,MicrosoftIssueBot,User,https://github.com/MicrosoftIssueBot
849,minio-trusted,minio-trusted,User,https://github.com/minio-trusted
850,mm-cloud-bot,mm-cloud-bot,User,https://github.com/mm-cloud-bot
851,mxnet-bot,mxnet-bot,User,https://github.com/mxnet-bot
853,netdata-community-bot,netdata-community-bot,User,https://github.com/netdata-community-bot
854,nextcloud-pr-bot,nextcloud-pr-bot,User,https://github.com/nextcloud-pr-bot
855,npm-robot,npm-robot,User,https://github.com/npm-robot
856,openssl-machine,openssl-machine,User,https://github.com/openssl-machine
857,pivotal-cla,pivotal-cla,User,https://github.com/pivotal-cla
859,pralor-bot,pralor-bot,User,https://github.com/pralor-bot
861,rc-publisher,rc-publisher,User,https://github.com/rc-publisher
862,robot-clickhouse,robot-clickhouse,User,https://github.com/robot-clickhouse
864,rust-timer,rust-timer,User,https://github.com/rust-timer
865,shields-ci,shields-ci,User,https://github.com/shields-ci
867,shields-cd,shields-cd,User,https://github.com/shields-cd
868,SpacemacsBot,SpacemacsBot,User,https://github.com/SpacemacsBot
870,spring-builds,spring-builds,User,https://github.com/spring-builds
872,st-review,st-review,User,https://github.com/st-review
873,strapi-cla,strapi-cla,User,https://github.com/strapi-cla
874,swagger-bot,swagger-bot,User,https://github.com/swagger-bot
875,SwiftLintBot,SwiftLintBot,User,https://github.com/SwiftLintBot
876,taichi-gardener,taichi-gardener,User,https://github.com/taichi-gardener
878,tensorflow-jenkins,tensorflow-jenkins,User,https://github.com/tensorflow-jenkins
879,tensorflowbutler,tensorflowbutler,User,https://github.com/tensorflowbutler
881,ti-srebot,ti-srebot,User,https://github.com/ti-srebot
882,tqdm-bot,tqdm-bot,User,https://github.com/tqdm-bot
883,traefiker,traefiker,User,https://github.com/traefiker
884,VaporBot,VaporBot,User,https://github.com/VaporBot
885,video-archivist-bot,video-archivist-bot,User,https://github.com/video-archivist-bot
886,vscode-triage-bot,vscode-triage-bot,User,https://github.com/vscode-triage-bot
888,webtorrent-bot,webtorrent-bot,User,https://github.com/webtorrent-bot
